全国地方公共団体コード,ID,地方公共団体名,名称,名称_カナ,名称_英語,所在地_全国地方公共団体コード,町字ID,所在地_連結表記,所在地_都道府県,所在地_市区町村,所在地_町字,所在地_番地以下,建物名等(方書),設置位置,緯度,経度,高度の種別,高度の値,男性トイレ総数,男性トイレ数（小便器）,男性トイレ数（和式）,男性トイレ数（洋式）,女性トイレ総数,女性トイレ数（和式）,女性トイレ数（洋式）,男女共用トイレ総数,男女共用トイレ数（和式）,男女共用トイレ数（洋式）,バリアフリートイレ数,車椅子使用者用トイレ有無,乳幼児用設備設置トイレ有無,オストメイト設置トイレ有無,利用開始時間,利用終了時間,利用可能時間特記事項,画像,画像_ライセンス,備考,,
170003,LL0000000001,石川県,石川県立尾小屋鉱山資料館,イシカワケンリツオゴヤコウザンシリョウカン,Ogoya Mine museum,172031,,石川県小松市尾小屋町カ1-1,石川県,小松市,尾小屋町,カ1-1,,尾小屋鉱山資料館東側出口を出て、東へ20m,36.29690,136.53737,,,5,3,2,0,3,2,1,0,0,0,0,無,無,無,0:00,23:59,12/1～3/24の冬季休館期間以外は終日使用可能,,,,,
170003,LL0000000002,石川県,石川県立白山ろく民俗資料館,イシカワケンリツハクサンロクミンゾクシリョウカン,"Hakusan folk museum,Ishikawa prefecture",172103,,石川県白山市白峰リ30,石川県,白山市,白峰,リ30,,園内入口,36.18023,136.62222,,,4,3,0,1,2,0,2,0,0,0,0,無,無,無,9:00,16:30,木曜日は休館日（木曜日が祝日の場合はその翌日）,,,,,
170003,LL0000000003,石川県,石川県産業展示館２号館横便所,イシカワケンサンギョウテンジカン２ゴウカンヨコベンジョ,Ishikawa Prefectural Industrial Exhibition Hall 2 side toilet,172014,,石川県金沢市袋畠町南120番3,石川県,金沢市,袋畠町南,120番3,,石川県産業展示館２号館横,36.57482,136.60457,,,8,5,0,3,6,0,6,0,0,0,2,有,有,無,0:00,23:59,24時間利用可。,https://www.pref.ishikawa.lg.jp/digital/picture_toilet.html,CC BY 4.0,,,
170003,LL0000000004,石川県,石川県水産総合センター内水面水産センター,イシカワケンスイサンソウゴウセンターナイスイメンスイサンセンター,Ishikawa Prefecture Fisheries Research Center Inland Fisheries Research Institute,172065,,石川県加賀市山中温泉荒谷町ロ100番地,石川県,加賀市,山中温泉荒谷町,ロ100番地,,石川県水産総合センター内水面水産センターとなり,36.28825,136.42629,,,3,2,0,1,2,0,2,0,0,0,0,無,無,無,0:00,23:59,24時間利用可。,https://www.pref.ishikawa.lg.jp/digital/picture_toilet.html,CC BY 4.0,,,
170003,LL0000000005,石川県,金沢競馬場,カナザワケイバジョウ,KANAZAWA　HORSE　PARK,172014,,石川県金沢市八田町西1番地,石川県,金沢市,八田町西,1番地,,バス停横,36.6347693,136.6732832,,,4,3,1,0,2,2,0,0,0,0,0,無,無,無,10:00,18:00,競馬開催時間によるため、日による。,https://www.pref.ishikawa.lg.jp/digital/picture_toilet.html,CC BY 4.0,,,
170003,LL0000000006,石川県,金沢競馬場,カナザワケイバジョウ,KANAZAWA　HORSE　PARK,172014,,石川県金沢市八田町西1番地,石川県,金沢市,八田町西,1番地,,Ｆ駐車場内,36.63316011,136.6762348,,,9,7,1,1,4,3,1,0,0,0,0,無,無,無,10:00,18:00,競馬開催時間によるため、日による。,https://www.pref.ishikawa.lg.jp/digital/picture_toilet.html,CC BY 4.0,,,
170003,LL0000000007,石川県,木場潟公園,キバガタコウエン,Kibagata Park,172031,,石川県小松市三谷町ら之部58番地,石川県,小松市,三谷町ら之部,58番地,,中央園地 パークゴルフ場,36.36559733,136.4510431,,,4,3,0,1,3,0,3,1,0,1,1,無,無,無,0:00,23:59,24時間利用可。,https://www.pref.ishikawa.lg.jp/digital/picture_toilet.html,CC BY 4.0,,,
170003,LL0000000008,石川県,木場潟公園,キバガタコウエン,Kibagata Park,172031,,石川県小松市三谷町ら之部58番地,石川県,小松市,三谷町ら之部,58番地,,南園地菖蒲園,36.35698483,136.4390974,,,3,2,0,1,2,0,2,1,0,1,1,無,無,無,0:00,23:59,24時間利用可。,https://www.pref.ishikawa.lg.jp/digital/picture_toilet.html,CC BY 4.0,,,
170003,LL0000000009,石川県,木場潟公園,キバガタコウエン,Kibagata Park,172031,,石川県小松市三谷町ら之部58番地,石川県,小松市,三谷町ら之部,58番地,,中央園地 多目的グラウンド,36.3673511,136.4487472,,,9,6,0,3,4,0,4,0,0,0,1,有,無,無,0:00,23:59,24時間利用可。,https://www.pref.ishikawa.lg.jp/digital/picture_toilet.html,CC BY 4.0,,,
170003,LL0000000010,石川県,木場潟公園,キバガタコウエン,Kibagata Park,172031,,石川県小松市三谷町ら之部58番地,石川県,小松市,三谷町ら之部,58番地,,西園地,36.3702387,136.4431521,,,3,2,0,1,2,0,2,0,0,0,1,有,無,無,0:00,23:59,24時間利用可。,https://www.pref.ishikawa.lg.jp/digital/picture_toilet.html,CC BY 4.0,,,
170003,LL0000000011,石川県,木場潟公園,キバガタコウエン,Kibagata Park,172031,,石川県小松市三谷町ら之部58番地,石川県,小松市,三谷町ら之部,58番地,,南園地駐車場,36.35460006,136.4378582,,,3,2,0,1,2,0,2,0,0,0,1,有,無,無,0:00,23:59,24時間利用可。,https://www.pref.ishikawa.lg.jp/digital/picture_toilet.html,CC BY 4.0,,,
170003,LL0000000012,石川県,粟津公園,アワヅコウエン,Awazu Park,172031,,石川県小松市符津町念仏3-1,石川県,小松市,符津町念仏,3-1,,多目的グラウンド,36.35680635,136.4202272,,,5,4,0,1,2,0,2,1,0,1,1,無,無,無,0:00,23:59,24時間利用可。,https://www.pref.ishikawa.lg.jp/digital/picture_toilet.html,CC BY 4.0,,,
170003,LL0000000013,石川県,赤瀬ダム管理事務所,アカゼダムカンリジムショ,Akaze Dam kanrijimusho,172031,,石川県小松市赤瀬町ハ16-4,石川県,小松市,赤瀬町,ハ16-4,,赤瀬ダム管理事務所１階宿直室前,36.29671,136.48537,,,1,1,0,0,0,0,0,1,0,1,0,無,無,無,8:30,17:15,土日祝祭日は終日利用不可。,https://www.pref.ishikawa.lg.jp/digital/picture_toilet.html,CC BY 4.0,,,
170003,LL0000000014,石川県,赤瀬ダム管理事務所,アカゼダムカンリジムショ,Akaze Dam kanrijimusho,172031,,石川県小松市赤瀬町ハ16-4,石川県,小松市,赤瀬町,ハ16-4,,赤瀬ダム管理事務所下流側駐車場脇,36.29723,136.48508,,,3,2,0,1,2,0,2,0,0,0,0,無,無,無,0:00,23:59,24時間利用可能。冬期間（12月～3月）は閉鎖。,https://www.pref.ishikawa.lg.jp/digital/picture_toilet.html,CC BY 4.0,,,
170003,LL0000000015,石川県,赤瀬ダム自由広場,アカゼダムジユウヒロバ,Akaze Dam jiyuhiroba,172031,,石川県小松市大杉町地先,石川県,小松市,大杉町,地先,,自由広場下流側,36.27309,136.48382,,,3,2,0,1,2,0,2,1,0,1,0,有,有,無,0:00,23:59,24時間利用可能。冬期間（12月～3月）は閉鎖。,https://www.pref.ishikawa.lg.jp/digital/picture_toilet.html,CC BY 4.0,,,
170003,LL0000000016,石川県,珠洲リフレッシュ施設,スズリフレッシュシセツ,Suzu Refresh Shisetu,172057,,石川県珠洲市蛸島町メ部28番地,石川県,珠洲市,蛸島町,メ部28番地,,鉢ヶ崎わくわく夢らんど巨大遊具西側,37.44121543,137.3274397,,,8,6,0,2,5,0,5,1,0,1,1,有,有,有,0:00,23:59,24時間利用可。,,,,,
170003,LL0000000017,石川県,珠洲リフレッシュ施設,スズリフレッシュシセツ,Suzu Refresh Shisetu,172057,,石川県珠洲市蛸島町メ部28番地,石川県,珠洲市,蛸島町,メ部28番地,,鉢ヶ崎わくわく夢らんど巨大遊具東側,37.44116006,137.3296981,,,8,6,0,2,5,0,5,1,0,1,1,有,有,有,0:00,23:59,24時間利用可。,,,,,
170003,LL0000000018,石川県,兼六園,ケンロクエン,Kenrokuen Garden,172014,,石川県金沢市兼六町1,石川県,金沢市,兼六町,1,,兼六園観光案内所裏,36.56459,136.66227,,,3,2,0,1,2,0,2,0,0,0,0,無,無,無,0:00,23:59,24時間利用可。,https://www.pref.ishikawa.lg.jp/digital/picture_toilet.html,CC BY 4.0,,,
170003,LL0000000019,石川県,鞍月セントラルパーク,クラツキセントラルパーク,Kuratsuki Central Park,172014,,石川県金沢市鞍月1丁目,石川県,金沢市,鞍月,1丁目,,東口付近,36.59285296,136.6261387,,,4,3,0,1,2,0,2,2,0,2,2,有,有,無,6:00,18:00,,https://www.pref.ishikawa.lg.jp/digital/picture_toilet.html,CC BY 4.0,,,
170003,LL0000000020,石川県,犀川ダム管理事務所公衆便所,サイガワダムカンリジムショコウシュウベンジョ,Saigawa Dam kanrijimusho koushubenjo,172014,,石川県金沢市二又新町,石川県,金沢市,二又新町,,,犀川ダム管理事務所横,36.43153,13674703,,,2,1,1,0,1,1,0,0,0,0,0,無,無,無,0:00,23:59,24時間利用可能。冬期間（12月～3月）は閉鎖。,,,,,
170003,LL0000000021,石川県,能登歴史公園(石動山地区),ノトレキシコウエンセキドウザンチク,Noto rekishi park （sekidouzan),174076,,石川県鹿島郡中能登町石動山タ77,石川県,中能登町,石動山タ,77,,林道横,36.96387,136.96856,,,1,1,0,0,0,0,0,1,0,1,1,有,有,有,0:00,23:59,24時間利用可。,https://www.pref.ishikawa.lg.jp/digital/picture_toilet.html,CC BY 4.0,,,
170003,LL0000000022,石川県,能登歴史公園(国分寺地区),ノトレキシコウエンコクブンジチク,Noto rekishi park （kokubunzi),172022,,石川県七尾市国分町イ部1,石川県,七尾市,国分町イ部,1,,公園管理センターの西側,37.02465,136.95464,,,6,4,0,2,4,0,4,1,0,1,1,有,有,有,0:00,23:59,24時間利用可。,https://www.pref.ishikawa.lg.jp/digital/picture_toilet.html,CC BY 4.0,,,
170003,LL0000000023,石川県,能登歴史公園(国分寺地区),ノトレキシコウエンコクブンジチク,Noto rekishi park （kokubunzi),172022,,石川県七尾市国分町イ部1,石川県,七尾市,国分町イ部,1,,公園管理センターの南側,37.0218,136.95533,,,3,2,0,1,2,0,2,1,0,1,1,有,有,有,0:00,23:59,24時間利用可。,https://www.pref.ishikawa.lg.jp/digital/picture_toilet.html,CC BY 4.0,,,
170003,LL0000000024,石川県,手取公園,テドリコウエン,Tedori park,172103,,石川県白山市平賀町ワ1-1,石川県,白山市,平賀町ワ,1-1,,マレットゴルフ場入口,36.49705136,136.4918004,,,4,3,1,0,3,3,0,1,0,1,1,有,無,無,0:00,23:59,24時間利用可。,https://www.pref.ishikawa.lg.jp/digital/picture_toilet.html,CC BY 4.0,,,
170003,LL0000000025,石川県,手取公園,テドリコウエン,Tedori park,173240,,石川県能美郡川北町朝日タ64-11,石川県,川北町,朝日タ,64-11,,湊スポーツ園地,36.47060365,136.4817495,,,6,4,2,0,3,3,0,1,0,1,1,有,無,無,0:00,23:59,24時間利用可。,https://www.pref.ishikawa.lg.jp/digital/picture_toilet.html,CC BY 4.0,,,
170003,LL0000000026,石川県,手取公園,テドリコウエン,Tedori park,172103,,石川県白山市湊町122,石川県,白山市,湊町,122,,美し河原園地,36.48357077,136.4788005,,,3,2,1,0,2,1,1,1,0,1,1,有,無,無,0:00,23:59,24時間利用可。,https://www.pref.ishikawa.lg.jp/digital/picture_toilet.html,CC BY 4.0,,,
170003,LL0000000027,石川県,手取公園,テドリコウエン,Tedori park,172103,,石川県白山市平賀町ワ1-1,石川県,白山市,平賀町ワ,1-1,,マレットゴルフ場,36.49731119,136.4916314,,,4,3,1,0,3,3,0,1,0,1,1,有,有,無,0:00,23:59,24時間利用可。,https://www.pref.ishikawa.lg.jp/digital/picture_toilet.html,CC BY 4.0,,,
170003,LL0000000028,石川県,松任海浜公園,マッツトウカイヒンコウエン,,172103,,石川県白山市徳光町2505-1,石川県,白山市,徳光町,2505-1,,徳光駐車場側,36.53676648,136.5292748,,,4,3,1,0,3,2,1,1,0,1,1,有,無,無,0:00,23:59,24時間利用可。,https://www.pref.ishikawa.lg.jp/digital/picture_toilet.html,CC BY 4.0,,,
170003,LL0000000029,石川県,松任海浜公園,マッツトウカイヒンコウエン,,172103,,石川県白山市徳光町2505-1,石川県,白山市,徳光町,2505-1,,展望台,36.53813983,136.5299945,,,6,4,1,1,3,0,3,0,0,0,0,無,無,無,0:00,23:59,24時間利用可。,https://www.pref.ishikawa.lg.jp/digital/picture_toilet.html,CC BY 4.0,,,
170003,LL0000000030,石川県,松任海浜公園,マッツトウカイヒンコウエン,,172103,,石川県白山市徳光町2505-1,石川県,白山市,徳光町,2505-1,,多目的広場近く,36.53983095,136.5317263,,,2,2,0,0,1,1,0,0,0,0,2,有,無,無,0:00,23:59,24時間利用可。,https://www.pref.ishikawa.lg.jp/digital/picture_toilet.html,CC BY 4.0,,,
170003,LL0000000031,石川県,松任海浜公園,マッツトウカイヒンコウエン,,172103,,石川県白山市徳光町2505-1,石川県,白山市,徳光町,2505-1,,パークゴルフ場,36.54244985,136.5351639,,,1,1,0,0,2,2,0,1,0,1,1,有,無,無,0:00,23:59,24時間利用可。,https://www.pref.ishikawa.lg.jp/digital/picture_toilet.html,CC BY 4.0,,,
170003,LL0000000032,石川県,松任海浜公園,マッツトウカイヒンコウエン,,172103,,石川県白山市徳光町2505-1,石川県,白山市,徳光町,2505-1,,自由広場,36.54029114,136.5334173,,,2,1,0,1,2,0,2,1,0,1,1,有,無,有,0:00,23:59,24時間利用可。,https://www.pref.ishikawa.lg.jp/digital/picture_toilet.html,CC BY 4.0,,,
170003,LL0000000033,石川県,白山ろくテーマパーク（吉岡園地）,ハクサンロクテーマパーク（ヨシオカエンチ）,Hakusanroku theme park,172103,,石川県白山市河内町吉岡西103,石川県,白山市,河内町吉岡西,103,,駐車場,36.38224882,136.6130991,,,2,1,0,1,2,0,2,1,0,1,1,有,有,無,0:00,23:59,24時間利用可。,https://www.pref.ishikawa.lg.jp/digital/picture_toilet.html,CC BY 4.0,,,
170003,LL0000000034,石川県,白山ろくテーマパーク（吉岡園地）,ハクサンロクテーマパーク（ヨシオカエンチ）,Hakusanroku theme park,172103,,石川県白山市河内町吉岡西103,石川県,白山市,河内町吉岡西,103,,梅園付近,36.37993061,136.6127504,,,2,1,0,1,2,0,2,1,0,1,1,有,有,無,0:00,23:59,24時間利用可。,https://www.pref.ishikawa.lg.jp/digital/picture_toilet.html,CC BY 4.0,,,
170003,LL0000000035,石川県,白山ろくテーマパーク（吉岡園地）,ハクサンロクテーマパーク（ヨシオカエンチ）,Hakusanroku theme park,172103,,石川県白山市河内町吉岡西103,石川県,白山市,河内町吉岡西,103,,芝生広場付近,36.38031499,136.6137951,,,4,2,0,2,3,0,3,1,0,1,1,有,有,無,0:00,23:59,24時間利用可。,https://www.pref.ishikawa.lg.jp/digital/picture_toilet.html,CC BY 4.0,,,
170003,LL0000000036,石川県,白山ろくテーマパーク（吉野園地）,ハクサンロクテーマパーク（ヨシノエンチ）,Hakusanroku theme park,172103,,石川県白山市吉野春34,石川県,白山市,吉野春,34,,北側,36.36650096,136.6112382,,,3,2,0,1,3,0,3,1,0,1,1,有,有,無,0:00,23:59,24時間利用可。,https://www.pref.ishikawa.lg.jp/digital/picture_toilet.html,CC BY 4.0,,,
170003,LL0000000037,石川県,白山ろくテーマパーク（吉野園地）,ハクサンロクテーマパーク（ヨシノエンチ）,Hakusanroku theme park,172103,,石川県白山市吉野春34,石川県,白山市,吉野春,34,,南側,36.36599232,136.6116217,,,3,2,0,1,3,0,3,1,0,1,1,有,有,無,0:00,23:59,24時間利用可。,https://www.pref.ishikawa.lg.jp/digital/picture_toilet.html,CC BY 4.0,,,
170003,LL0000000038,石川県,白山ろくテーマパーク（河合・下野園地）,ハクサンロクテーマパーク（カワイ・シモノエンチ）,Hakusanroku theme park,172103,,石川県白山市河合町へ23,石川県,白山市,河合町へ,34,,多目的広場近く,36.38319381,136.6087302,,,7,5,0,2,5,0,5,1,0,1,1,有,有,無,0:00,23:59,24時間利用可。,https://www.pref.ishikawa.lg.jp/digital/picture_toilet.html,CC BY 4.0,,,
170003,LL0000000039,石川県,いしかわ四高記念公園,イシカワシコウキネンコウエン,"The fourth High School Memorial Park, Ishikawa",172014,,石川県金沢市広坂2-64-3,石川県,金沢市,広坂,2-64-3,,香林坊交番裏,36.56285,136.65504,,,7,5,0,2,5,0,5,0,0,0,2,有,有,無,0:00,23:59,24時間利用可。,https://www.pref.ishikawa.lg.jp/digital/picture_toilet.html,CC BY 4.0,,,
170003,LL0000000040,石川県,いしかわ四高記念公園,イシカワシコウキネンコウエン,"The fourth High School Memorial Park, Ishikawa",172014,,石川県金沢市広坂2-64-3,石川県,金沢市,広坂,2-64-3,,カスケード横,36.56407,136.65539,,,3,3,0,0,1,0,1,0,0,0,2,有,有,無,0:00,23:59,24時間利用可。,https://www.pref.ishikawa.lg.jp/digital/picture_toilet.html,CC BY 4.0,,,
170003,LL0000000041,石川県,本多の森公園,ホンダリモリコウエン,Hondanomori park,172014,,石川県金沢市出羽町7,石川県,金沢市,出羽町,7,,護国神社口,36.55874,136.66217,,,2,2,0,0,1,0,1,0,0,0,2,有,有,無,0:00,23:59,24時間利用可。,https://www.pref.ishikawa.lg.jp/digital/picture_toilet.html,CC BY 4.0,,,
170003,LL0000000042,石川県,金沢城公園,カナザワジョウコウエン,Kanazawa castle park,172014,,石川県金沢市丸の内71-18,石川県,金沢市,丸の内,71-18,,三の丸広場内,36.56588,136.66177,,,6,4,0,2,3,0,3,0,0,0,2,有,有,無,7:00,18:00,10/16～2/末は8時～17時,https://www.pref.ishikawa.lg.jp/digital/picture_toilet.html,CC BY 4.0,,,
170003,LL0000000043,石川県,金沢城公園,カナザワジョウコウエン,Kanazawa castle park,172014,,石川県金沢市丸の内71-18,石川県,金沢市,丸の内,71-18,,鶴の丸便所,36.56517,136.65917,,,7,5,0,2,5,0,5,0,0,0,2,有,有,無,7:00,18:00,10/16～2/末は8時～17時,https://www.pref.ishikawa.lg.jp/digital/picture_toilet.html,CC BY 4.0,,,
170003,LL0000000044,石川県,金沢城公園,カナザワジョウコウエン,Kanazawa castle park,172014,,石川県金沢市丸の内71-18,石川県,金沢市,丸の内,71-18,,大手門近く,36.56792,136.66107,,,7,5,0,2,5,0,5,0,0,0,2,有,有,無,7:00,18:00,10/16～2/末は8時～17時,https://www.pref.ishikawa.lg.jp/digital/picture_toilet.html,CC BY 4.0,,,
170003,LL0000000045,石川県,金沢城公園,カナザワジョウコウエン,Kanazawa castle park,172014,,石川県金沢市丸の内71-18,石川県,金沢市,丸の内,71-18,,黒門近く,36.56851,136.65843,,,7,5,0,2,5,0,5,0,0,0,2,有,有,無,7:00,18:00,10/16～2/末は8時～17時,https://www.pref.ishikawa.lg.jp/digital/picture_toilet.html,CC BY 4.0,,,
170003,LL0000000046,石川県,金沢城公園,カナザワジョウコウエン,Kanazawa castle park,172014,,石川県金沢市丸の内71-18,石川県,金沢市,丸の内,71-18,,河北門スロープ下,36.56623,136.66063,,,1,1,0,0,0,0,0,0,0,0,2,有,有,有,7:00,18:00,10/16～2/末は8時～17時,https://www.pref.ishikawa.lg.jp/digital/picture_toilet.html,CC BY 4.0,,,
170003,LL0000000047,石川県,金沢城公園,カナザワジョウコウエン,Kanazawa castle park,172014,,石川県金沢市丸の内71-18,石川県,金沢市,丸の内,71-18,,玉泉院丸庭園内,36.56526,136.65675,,,5,3,0,2,4,0,4,1,0,1,1,有,有,有,7:00,18:00,10/16～2/末は8時～17時,https://www.pref.ishikawa.lg.jp/digital/picture_toilet.html,CC BY 4.0,,,
170003,LL0000000048,石川県,西部緑道貸付地,セイブリョクドウカシツケチ,Seibu Ryokudou Kashitukechi,172014,,石川県金沢市鞍月3丁目1021番地,石川県,金沢市,鞍月,3丁目1021番地,,西部緑道内,36.59954674,136.6195885,,,3,2,1,0,1,1,0,2,0,2,2,有,有,無,0:00,23:59,24時間利用可。,,,,,
170003,LL0000000049,石川県,県民の森,ケンミンノモリ,kenminnomori,172065,,石川県加賀市山中温泉上新保町イ68,石川県,加賀市,上新保町,イ68,,便所（正面）,36.2243206,136.4558293,,,6,4,0,2,3,0,3,0,0,0,0,無,無,無,0:00,23:59,24時間利用可。冬期間は利用不可。,,,,,
170003,LL0000000050,石川県,県民の森,ケンミンノモリ,kenminnomori,172065,,石川県加賀市山中温泉上新保町イ68,石川県,加賀市,上新保町,イ68,,便所（バンガロー）,36.2261423,136.4574363,,,2,1,0,1,2,0,2,0,0,0,0,無,無,無,0:00,23:59,24時間利用可。冬期間は利用不可。,,,,,
170003,LL0000000051,石川県,県民の森,ケンミンノモリ,kenminnomori,172065,,石川県加賀市山中温泉上新保町イ68,石川県,加賀市,上新保町,イ68,,便所（バーベキュー舎）,36.2190948,136.4637934,,,2,1,0,1,2,0,2,0,0,0,0,無,無,無,0:00,23:59,24時間利用可。冬期間は利用不可。,,,,,
170003,LL0000000052,石川県,県民の森,ケンミンノモリ,kenminnomori,172065,,石川県加賀市山中温泉上新保町イ68,石川県,加賀市,上新保町,イ68,,便所（第２テント）,36.2263676,136.4588401,,,2,1,0,1,2,0,2,0,0,0,0,無,無,無,0:00,23:59,24時間利用可。冬期間は利用不可。,,,,,
170003,LL0000000053,石川県,県民の森,ケンミンノモリ,kenminnomori,172065,,石川県加賀市山中温泉上新保町イ68,石川県,加賀市,上新保町,イ68,,身障者便所,36.2243206,136.4558293,,,0,0,0,0,0,0,0,1,0,1,1,有,無,無,0:00,23:59,24時間利用可。冬期間は利用不可。,,,,,
170003,LL0000000054,石川県,県民の森,ケンミンノモリ,kenminnomori,172065,,石川県加賀市山中温泉上新保町イ68,石川県,加賀市,上新保町,イ68,,便所（雨天休憩舎）,36.2251694,136.4564371,,,2,0,0,2,3,0,3,0,0,0,0,無,無,無,0:00,23:59,24時間利用可。冬期間は利用不可。,,,,,
170003,LL0000000055,石川県,森林公園,シンリンコウエン,Ishikawa Forest Rark,173614,,石川県津幡町御門8号4番1,石川県,津幡町,御門,8号4番1,,炊飯広場(上),36.69453566,136.7603604,,,5,3,0,1,4,1,3,0,0,0,0,無,無,無,0:00,23:59,24時間利用可。3/20～12/20,,,,,
170003,LL0000000056,石川県,森林公園,シンリンコウエン,Ishikawa Forest Rark,173614,,石川県津幡町御門8号4番1,石川県,津幡町,御門,8号4番1,,緑化の広場ﾄｲﾚ,36.68942977,136.760178,,,3,2,0,1,2,0,2,1,0,1,1,有,無,無,0:00,23:59,24時間利用可。3/20～12/20,,,,,
170003,LL0000000057,石川県,森林公園,シンリンコウエン,Ishikawa Forest Rark,173614,,石川県津幡町御門8号4番1,石川県,津幡町,御門,8号4番1,,見晴台トイレ,36.6970346,136.762309,,,2,1,0,1,1,0,1,0,0,0,0,無,無,無,0:00,23:59,24時間利用可。3/20～12/20,,,,,
170003,LL0000000058,石川県,森林公園,シンリンコウエン,Ishikawa Forest Rark,173614,,石川県津幡町御門8号4番1,石川県,津幡町,御門,8号4番1,,松葉台,36.69226982,136.7529998,,,5,3,0,2,4,1,3,0,0,0,0,無,有,無,0:00,23:59,24時間利用可。3/20～12/20,,,,,
170003,LL0000000059,石川県,森林公園,シンリンコウエン,Ishikawa Forest Rark,173614,,石川県津幡町御門8号4番1,石川県,津幡町,御門,8号4番1,,こどもの広場ﾄｲﾚ,36.69301661,136.7584192,,,5,3,0,2,3,0,3,1,0,1,1,有,有,無,0:00,23:59,24時間利用可。3/20～12/20,,,,,
170003,LL0000000060,石川県,森林公園,シンリンコウエン,Ishikawa Forest Rark,173614,,石川県津幡町御門8号4番1,石川県,津幡町,御門,8号4番1,,炊飯広場バイオトイレ,36.69392851,136.7597858,,,2,1,0,1,1,0,1,1,0,1,1,有,有,無,0:00,23:59,24時間利用可。3/20～12/20,,,,,
170003,LL0000000061,石川県,森林公園,シンリンコウエン,Ishikawa Forest Rark,173614,,石川県津幡町御門8号4番1,石川県,津幡町,御門,8号4番1,,デイキャンプ場バイオトイレ,36.69104502,136.7461916,,,2,1,0,1,2,0,2,1,0,1,1,有,有,無,0:00,23:59,24時間利用可。3/20～12/20,,,,,
170003,LL0000000062,石川県,健康の森,ケンコウノモリ,kenkounomori,172049,,石川県輪島市三井町中大谷内19,石川県,輪島市,三井町中,大谷内19,,テントサイトの出入り口,37.306683,136.927992,,,4,2,0,2,3,0,3,1,0,1,1,有,無,無,0:00,23:59,24時間利用可。4月～11月,,,,,
170003,LL0000000063,石川県,健康の森,ケンコウノモリ,kenkounomori,172049,,石川県輪島市三井町中大谷内19,石川県,輪島市,三井町中,大谷内19,,バンガロー駐車場斜め向かい,37.305675,136.926041,,,3,2,0,1,2,0,2,1,0,1,1,有,無,無,0:00,23:59,24時間利用可。4月～11月,,,,,
170003,LL0000000064,石川県,いしかわ動物園,イシカワドウブツエン,ISHIKAWA ZOO,172111,,石川県能美市徳山町600番地,石川県,能美市,徳山町,600番地,,入場口横,36.4337896,136.5455774,,,5,3,0,1,2,0,1,0,0,0,2,有,無,無,9:00,17:00,11月1日～3月31日について16：30まで利用可。また、休園日（火曜日(火曜日が祝日の場合はその翌平日))、年末年始(12月31日～1月1日)）は利用不可。,,,,,
170003,LL0000000065,石川県,いしかわ動物園,イシカワドウブツエン,ISHIKAWA ZOO,172111,,石川県能美市徳山町600番地,石川県,能美市,徳山町,600番地,,駐車場,36.43454195,136.5452297,,,10,6,0,3,7,0,6,0,0,0,2,有,無,無,9:00,17:00,11月1日～3月31日について16：30まで利用可。また、休園日（火曜日(火曜日が祝日の場合はその翌平日)、年末年始(12月31日～1月1日)）は利用不可。,,,,,
170003,LL0000000066,石川県,千里浜公衆便所,チリハマコウシュウベンジョ,Chirihama Public Toilet,172073,,石川県羽咋市新保町下27番12,石川県,羽咋市,新保町,下27番12,,千里浜なぎさドライブウェイ内,36.86983,136.75981,,,4,3,0,1,3,0,3,0,0,0,0,有,有,無,6:00,22:00,,https://www.pref.ishikawa.lg.jp/digital/picture_toilet.html,CC BY 4.0,,,
170003,LL0000000067,石川県,輪島朝市公衆便所,ワジマアサイチコウシュウベンジョ,Public toilet at Wajima Morning Market,172049,,石川県輪島市河井町1部81番地1地先,石川県,輪島市,河井町,1部81番地1地先,,輪島朝市駐車場内,37.3963475,136.9032627,,,5,3,0,2,3,0,3,0,0,0,2,有,無,有,0:00,23:59,隣接する朝市駐車場について8：30～12：00に出庫する場合は有料（第2・第4水曜日及び1/1～1/3を除く。）,https://www.pref.ishikawa.lg.jp/digital/picture_toilet.html,CC BY 4.0,,,
170003,LL0000000068,石川県,健民海浜公園,ケンミンカイヒンコウエン,,172014,,石川県金沢市普正寺町11字1-1,石川県,金沢市,普正寺町１１字,1-1,,ロータリー近く,36.59289,136.58272,,,5,3,2,0,3,3,0,1,0,1,1,有,無,無,0:00,23:59,24時間利用可。,https://www.pref.ishikawa.lg.jp/digital/picture_toilet.html,CC BY 4.0,,,
170003,LL0000000069,石川県,健民海浜公園,ケンミンカイヒンコウエン,,172014,,石川県金沢市普正寺町11字1-1,石川県,金沢市,普正寺町１１字,1-1,,多目的グラウンド,36.59123,136.58276,,,5,3,0,2,3,0,3,1,0,1,1,有,無,有,0:00,23:59,24時間利用可。,https://www.pref.ishikawa.lg.jp/digital/picture_toilet.html,CC BY 4.0,,,
170003,LL0000000070,石川県,奥卯辰山健民公園,オクウタツヤマケンミンコウエン,Oku Utatsuyama Kenmin Park,172014,,石川県金沢市若松町エ85,石川県,金沢市,若松町エ,85,,さくら広場近く,36.55972,136.70109,,,3,2,0,1,3,2,1,0,0,0,0,無,無,無,8:00,17:00,,https://www.pref.ishikawa.lg.jp/digital/picture_toilet.html,CC BY 4.0,,,
170003,LL0000000071,石川県,奥卯辰山健民公園,オクウタツヤマケンミンコウエン,Oku Utatsuyama Kenmin Park,172014,,石川県金沢市若松町エ85,石川県,金沢市,若松町エ,85,,バーベキュー場,36.56107,136.69870,,,4,3,0,1,3,0,3,0,0,0,2,有,有,無,8:00,17:00,,https://www.pref.ishikawa.lg.jp/digital/picture_toilet.html,CC BY 4.0,,,
170003,LL0000000072,石川県,奥卯辰山健民公園,オクウタツヤマケンミンコウエン,Oku Utatsuyama Kenmin Park,172014,,石川県金沢市若松町エ85,石川県,金沢市,若松町エ,85,,ゾン谷,36.55547,136.69826,,,3,2,0,1,2,1,1,0,0,0,1,有,有,有,8:00,17:00,,https://www.pref.ishikawa.lg.jp/digital/picture_toilet.html,CC BY 4.0,,,
170003,LL0000000073,石川県,奥卯辰山健民公園,オクウタツヤマケンミンコウエン,Oku Utatsuyama Kenmin Park,172014,,石川県金沢市若松町エ85,石川県,金沢市,若松町エ,85,,ハンモック広場,36.55880,136.70304,,,3,2,0,1,1,0,1,0,0,0,1,有,有,無,8:00,17:00,,https://www.pref.ishikawa.lg.jp/digital/picture_toilet.html,CC BY 4.0,,,
170003,LL0000000074,石川県,奥卯辰山健民公園,オクウタツヤマケンミンコウエン,Oku Utatsuyama Kenmin Park,172014,,石川県金沢市若松町エ85,石川県,金沢市,若松町エ,85,,多目的グラウンド,36.56031,136.69488,,,3,2,0,1,1,0,1,1,0,1,1,有,有,有,8:00,17:00,,https://www.pref.ishikawa.lg.jp/digital/picture_toilet.html,CC BY 4.0,,,
170003,LL0000000075,石川県,奥卯辰山健民公園,オクウタツヤマケンミンコウエン,Oku Utatsuyama Kenmin Park,172014,,石川県金沢市若松町エ85,石川県,金沢市,若松町エ,85,,はだし広場近く,36.55870,136.69814,,,4,3,0,1,4,0,4,1,0,1,1,有,有,有,8:00,17:00,,https://www.pref.ishikawa.lg.jp/digital/picture_toilet.html,CC BY 4.0,,,
170003,LL0000000076,石川県,奥卯辰山健民公園,オクウタツヤマケンミンコウエン,Oku Utatsuyama Kenmin Park,172014,,石川県金沢市若松町エ85,石川県,金沢市,若松町エ,85,,パークゴルフ場近く,36.55814,136.69553,,,3,2,0,1,3,0,3,1,0,1,1,有,有,無,8:00,17:00,,https://www.pref.ishikawa.lg.jp/digital/picture_toilet.html,CC BY 4.0,,,
170003,LL0000000077,石川県,西部緑地公園,セイブリョクチコウエン,,172014,,石川県金沢市袋畠町南193,石川県,金沢市,袋畠町南,193,,球児の森,36.575221,136.599746,,,7,5,0,2,4,0,4,1,0,1,1,有,有,無,0:00,23:59,24時間利用可。,https://www.pref.ishikawa.lg.jp/digital/picture_toilet.html,CC BY 4.0,,,
170003,LL0000000078,石川県,西部緑地公園,セイブリョクチコウエン,,172014,,石川県金沢市袋畠町南193,石川県,金沢市,袋畠町南,193,,ソフトボール場横,36.57396,136.602252,,,7,5,0,2,4,0,4,1,0,1,1,有,有,無,0:00,23:59,24時間利用可。,https://www.pref.ishikawa.lg.jp/digital/picture_toilet.html,CC BY 4.0,,,
170003,LL0000000079,石川県,西部緑地公園,セイブリョクチコウエン,,172014,,石川県金沢市袋畠町南193,石川県,金沢市,袋畠町南,193,,平成の森（産展４号館前）,36.571904,136.604792,,,7,4,0,3,5,0,5,1,0,1,1,有,有,無,0:00,23:59,24時間利用可。,https://www.pref.ishikawa.lg.jp/digital/picture_toilet.html,CC BY 4.0,,,
170003,LL0000000080,石川県,犀川緑地,サイガワリョクチ,,172014,,石川県金沢市法島町24-999,石川県,金沢市,法島町,24-999,,上菊橋左岸下流側,36.54810 ,136.66106,,,4,3,0,1,3,2,1,0,0,0,0,無,無,無,0:00,23:59,24時間利用可。,https://www.pref.ishikawa.lg.jp/digital/picture_toilet.html,CC BY 4.0,,,
170003,LL0000000081,石川県,犀川緑地,サイガワリョクチ,,172014,,石川県金沢市法島町24-999,石川県,金沢市,法島町,24-999,,犀川神社前河川敷,36.56331 ,136.64619,,,3,2,0,1,2,0,2,1,0,1,1,有,有,無,0:00,23:59,24時間利用可。,https://www.pref.ishikawa.lg.jp/digital/picture_toilet.html,CC BY 4.0,,,
170003,LL0000000082,石川県,犀川緑地,サイガワリョクチ,,172014,,石川県金沢市法島町24-999,石川県,金沢市,法島町,24-999,,記念広場の上流側,36.54109 ,136.67304,,,6,4,0,2,4,0,4,1,0,1,1,有,有,無,0:00,23:59,24時間利用可。,https://www.pref.ishikawa.lg.jp/digital/picture_toilet.html,CC BY 4.0,,,
170003,LL0000000083,石川県,犀川緑地,サイガワリョクチ,,172014,,石川県金沢市法島町24-999,石川県,金沢市,法島町,24-999,,室生犀星文学碑横,36.55487 ,136.65482,,,5,3,0,2,3,0,3,1,0,1,1,有,有,無,0:00,23:59,24時間利用可。,https://www.pref.ishikawa.lg.jp/digital/picture_toilet.html,CC BY 4.0,,,
170003,LL0000000084,石川県,犀川緑地,サイガワリョクチ,,172014,,石川県金沢市法島町24-999,石川県,金沢市,法島町,24-999,,犀桜小学校近く,36.54981 ,136.66128,,,3,2,0,1,1,0,1,1,0,1,1,有,有,無,0:00,23:59,24時間利用可。,https://www.pref.ishikawa.lg.jp/digital/picture_toilet.html,CC BY 4.0,,,
170003,LL0000000085,石川県,犀川緑地,サイガワリョクチ,,172014,,石川県金沢市法島町24-999,石川県,金沢市,法島町,24-999,,新橋～御影大橋左岸の中間点,36.56255 ,136.6452,,,3,2,0,1,2,1,1,0,0,0,2,有,有,無,0:00,23:59,24時間利用可。,https://www.pref.ishikawa.lg.jp/digital/picture_toilet.html,CC BY 4.0,,,
170003,LL0000000086,石川県,犀川緑地,サイガワリョクチ,,172014,,石川県金沢市法島町24-999,石川県,金沢市,法島町,24-999,,ぐるぐる広場,36.53846 ,136.67597,,,4,3,0,1,3,0,3,2,0,2,2,有,有,有,0:00,23:59,24時間利用可。,https://www.pref.ishikawa.lg.jp/digital/picture_toilet.html,CC BY 4.0,,,
170003,LL0000000087,石川県,犀川緑地,サイガワリョクチ,,172014,,石川県金沢市城南1丁目5,石川県,金沢市,城南,1丁目5,,公園内東寄り,36.54641 ,136.66768,,,3,2,0,1,1,0,1,1,0,1,1,有,有,無,0:00,23:59,24時間利用可。,https://www.pref.ishikawa.lg.jp/digital/picture_toilet.html,CC BY 4.0,,,
170003,LL0000000088,石川県,北部公園,ホクブコウエン,Hokubu Park,172014,,石川県金沢市北森本チ35-1,石川県,金沢市,北森本チ,35-1,,第３休憩所,36.62737417,136.6904522,,,5,3,0,2,3,0,3,1,0,1,1,有,有,無,0:00,23:59,24時間利用可。,https://www.pref.ishikawa.lg.jp/digital/picture_toilet.html,CC BY 4.0,,,
170003,LL0000000089,石川県,大野湊緑地公園,オオノミナトリョクチコウエン,,172014,,石川県金沢市普正寺町3?135,石川県,金沢市,普正寺町,3-135,,,36.59574209,136.5975136,,,3,2,0,1,3,0,3,1,0,1,1,有,有,無,0:00,23:59,24時間利用可。,https://www.pref.ishikawa.lg.jp/digital/picture_toilet.html,CC BY 4.0,,,
170003,LL0000000090,石川県,道の駅のと里山空港,ミチノエキノトサトヤマクウコウ,Road station Noto satoyama airport,172049,,石川県輪島市三井町洲衛10-10-6,石川県,輪島市,三井町洲衛,10-10-6,,能登空港第２駐車場,37.29636966,136.9554901,,,3,2,0,1,2,0,2,1,0,1,1,有,有,無,0:00,23:59,24時間利用可。,https://www.pref.ishikawa.lg.jp/digital/picture_toilet.html,CC BY 4.0,,,
170003,LL0000000091,石川県,石川県立白山青年の家,イシカワケンリツハクサンセイネンノイエ,Ishikawa Prefectural Hakusan Youth House,172103,,石川県白山市八幡町戌142,石川県,白山市,八幡町,戌142,,野外炊飯場　となり,36.442616,136.633308,,,3,2,0,1,2,1,1,0,0,0,0,無,無,無,9:00,17:00,月曜は休館日のため利用不可。冬期間（11月中旬頃～4月中旬頃）は利用不可,,,,,
170003,LL0000000092,石川県,石川県立白山ろく少年自然の家,イシカワケンリツハクサンロクショウネンシゼンノイエ,ishikawakenritsu hakusanroku shonenshizennoie,172103,,石川県白山市瀬戸ワ29番地,石川県,白山市,瀬戸29番地,,,野外炊飯場　となり,36.2928,136.64268,,,3,1,2,0,3,3,0,0,0,0,0,無,無,無,9:00,17:00,月曜は休館日のため利用不可。冬期間（11月中旬頃～4月中旬頃）は利用不可,,,,,
170003,LL0000000093,石川県,まめだ簡易グラウンド,マメダカンイグラウンド,mameda kanni ground,172014,,石川県金沢市大豆田本町チ15番,石川県,金沢市,大豆田本町,チ15番,,第二駐車場入口付近,36.57192,136.63181,,,4,3,0,1,3,0,3,0,0,0,0,無,無,無,7:00,21:00,12/1～2/28はグラウンドを閉鎖するため、トイレ使用不可,,,,,
170003,LL0000000094,石川県,まめだ簡易グラウンド,マメダカンイグラウンド,mameda kanni ground,172014,,石川県金沢市大豆田本町ち,石川県,金沢市,大豆田本町,チ15番,,第三駐車場入口付近,36.57292,136.63063,,,4,3,0,1,3,0,3,0,0,0,0,無,無,無,7:00,21:00,12/1～2/28はグラウンドを閉鎖するため、トイレ使用不可,,,,,
170003,LL0000000095,石川県,大桑簡易野球場,オオクワカンイヤキュウジョウ,ookuwa kanni yakyuujou,172014,,石川県金沢市大桑町ヨ7番1,石川県,金沢市,大桑町,ヨ7番1,,"用具庫のとなり（A,B）",36.53072,136.68549,,,2,2,0,0,0,0,0,1,0,1,0,無,無,無,7:00,17:00,12/1～2/28はグラウンドを閉鎖するため、トイレ使用不可,,,,,
170003,LL0000000096,石川県,大桑簡易野球場,オオクワカンイヤキュウジョウ,ookuwa kanni yakyuujou,172014,,石川県金沢市大桑町ヨ7番1,石川県,金沢市,大桑町,ヨ7番1,,"用具庫のとなり（C,D）",36.53072,136.68549,,,2,2,0,0,0,0,0,1,0,1,0,無,無,無,7:00,17:00,12/1～2/28はグラウンドを閉鎖するため、トイレ使用不可,,,,,
170003,LL0000000097,石川県,湊簡易グラウンド,ミナトカンイグラウンド,minato kanni ground,172014,,石川県金沢市湊3丁目2番1号,石川県,金沢市,湊,3丁目2番1号,,用具庫のとなり,36.61922,136.62828,,,2,1,1,0,1,0,1,0,0,0,0,無,無,無,7:00,17:00,12/1～2/28はグラウンドを閉鎖するため、トイレ使用不可,,,,,
170003,LL0000000098,石川県,湊簡易グラウンド,ミナトカンイグラウンド,minato kanni ground,172014,,石川県金沢市湊3丁目2番1号,石川県,金沢市,湊,3丁目2番1号,,用具庫のとなり,36.61922,136.62838,,,2,1,1,0,1,0,1,0,0,0,0,無,無,無,7:00,17:00,12/1～2/28はグラウンドを閉鎖するため、トイレ使用不可,,,,,
170003,LL0000000099,石川県,石川県農林総合研究センター  林業試験場,イシカワケンノウリンソウゴウケンキュウセンターリンギョウシケンジョウ,ISHIKAWA AGRICULTURE AND FORESTRY RESEARCH CENTER FORESTRY EXPERIMENT STATION,172103,,石川県白山市白山町ソ60,石川県,白山市,白山町,ソ60,,樹木公園Ｐ１駐車場内,36.43156052,136.636749,,,7,5,1,1,4,1,3,0,0,0,1,有,無,無,8:30,17:00,積雪期は閉鎖,https://www.pref.ishikawa.lg.jp/digital/picture_toilet.html,CC BY 4.0,,,
170003,LL0000000100,石川県,大日川ダム管理事務所,ダイニチガワダムカンリジムショ,Dainichigawa Dam kanrijimusho,172103,,石川県白山市阿手町乙2-7,石川県,白山市,阿手町,乙2-7,,,36.29019285,136.5785264,,,1,1,0,0,0,0,0,1,0,1,1,有,無,有,0:00,23:59,24時間利用可。冬期間は利用不可。,,,,,
170003,LL0000000101,石川県,卯辰山相撲場,ウタツヤマスモウジョウ,Utatsuyamasumojyou,172014,,石川県金沢市末広町11番,石川県,金沢市,末広町,11番,,相撲場正面駐車場内,36.56865,136.68239,,,8,4,0,4,3,0,3,9,0,5,1,有,有,無,0:00,23:59,24時間利用可。女子トイレ内小児男子用トイレ有（１）,,,,,
170003,LL0000000102,石川県,石川県湖南運動公園,イシカワケンコナンウンドウコウエン,Ishikawa Prefecture Konan Sports Park,172014,,石川県金沢市八田町西1,石川県,金沢市,八田町西,1,,アーチェリー場と野球場Cの間,36.63438,136.66806,,,3,2,1,0,2,2,0,1,0,1,1,有,無,無,8:30,17:00,バリアフリートイレについては、終日利用可能。,,,,,
170003,LL0000000103,石川県,石川県湖南運動公園,イシカワケンコナンウンドウコウエン,Ishikawa Prefecture Konan Sports Park,172014,,石川県金沢市八田町西１,石川県,金沢市,八田町西,1,,野球場ABとサッカー場の間,36.63244,136.67423,,,4,3,1,0,2,2,0,1,0,1,1,有,無,無,8:30,17:00,バリアフリートイレについては、終日利用可能。,,,,,
